TIPO_DATO,ENTIDAD,IV22,IV22_MEN_1_AÑO,IV22_1_A_2_AÑOS,IV22_MAS_2_A_3_AÑOS,IV22_MAY_3_AÑOS,IV22_2_2,IV22_2_3,IV22_2_4,IV22_2_5,IV22_2_6,IV22_2_7,IV22_2_1,IV22_3CNT,IV22_3_1PS,IV23_1,IV23_2,IV23_3,IV23_NO_ESPECIFICADA,IV26,IV26_1_1,IV26_1_2,IV26_1_2_1,IV26_1_3,IV26_1_5,IV26_1_5_1,IV26_1_5_2,IV26_1_4,ESTATUS
Estimación,Nacional,26923314.00,6184852.00,5545060.00,5229149.00,9964253.00,3087584.00,8117743.00,778820.00,8014706.00,2256958.00,3423603.00,1243900.00,36313458.00,5.46,5255522.00,13595922.00,7311108.00,760762.00,12664795.00,3387745.00,8074334.00,329498.00,133982.00,958754.00,2.00,8.00,109980.00,Cifras Definitivas
Límite de confianza inferior,Nacional,25765917.00,5993336.00,5080568.00,4228871.00,9829448.00,2967645.00,8117743.00,760699.00,7866289.00,2118886.00,3322116.00,1082012.00,33905068.00,5.41,5027361.00,13307168.00,6208425.00,734586.00,10876206.00,2870026.00,6869932.00,256406.00,115297.00,802922.00,2.00,8.00,101262.00,Cifras Definitivas
Límite de confianza superior,Nacional,28080710.00,6376370.00,6009555.00,6229429.00,10099050.00,3207520.00,9242624.00,796944.00,8163122.00,2395026.00,3525095.00,1156233.00,38721856.00,5.51,5483687.00,13884673.00,8413794.00,786933.00,14453384.00,3905464.00,9278736.00,402589.00,152667.00,1114586.00,2.00,8.00,118698.00,Cifras Definitivas
Coeficiente de variación,Nacional,2.19,1.58,4.27,9.76,0.69,1.98,7.07,1.19,0.94,3.12,1.51,1.69,3.38,0.44,2.22,1.08,8.00,1.76,7.21,7.8,7.61,11.32,7.12,8.29,0.67,0.70,4.04,Cifras Definitivas
Estimación,Aguascalientes,240752.00,56887.00,50704.00,45806.00,87355.00,54119.00,32146.00,3234.00,27985.00,94070.00,23642.00,5556.00,1662601.00,4.67,31263.00,87340.00,117948.00,4201.00, , , , , , , , ,3234.00,Cifras Definitivas
Límite de confianza inferior,Aguascalientes,227679.00,53170.00,46734.00,42722.00,81498.00,48083.00,32146.00,2725.00,25641.00,84717.00,21031.00,4032.00,1474054.00,4.61,28417.00,83431.00,104385.00,3505.00, , , , , , , , ,2725.00,Cifras Definitivas
Límite de confianza superior,Aguascalientes,253824.00,60605.00,54673.00,48890.00,93212.00,60155.00,35139.00,3743.00,30329.00,103424.00,26252.00,5513.00,1851147.00,4.74,34110.00,91249.00,131511.00,4897.00, , , , , , , , ,3743.00,Cifras Definitivas
Coeficiente de variación,Aguascalientes,2.77,3.34,3.99,3.44,3.42,5.69,4.75,8.03,4.27,5.07,5.63,7.92,5.79,0.75,4.65,2.28,6.00,8.45, , , , , , , , ,8.03,Cifras Definitivas
Estimación,Baja California,363073.00,0.00,0.00,48495.00,47171.00,22050.00,0.00,2559.00,26201.00,38278.00,0.00,3301.00,803669.00,5.58,41154.00,174769.00,146280.00,870.00, , , , , , , , ,2559.00,Cifras Definitivas
Límite de confianza inferior,Baja California,220533.00,0.00,0.00,32207.00,43018.00,19112.00,0.00,2097.00,23028.00,33049.00,0.00,1930.00,687969.00,5.09,34528.00,88061.00,80157.00,462.00, , , , , , , , ,2097.00,Cifras Definitivas
Límite de confianza superior,Baja California,505612.00,0.00,0.00,64782.00,51324.00,24987.00,0.00,3020.00,29374.00,43507.00,0.00,3808.00,919370.00,6.07,47780.00,261478.00,212403.00,1278.00, , , , , , , , ,3020.00,Cifras Definitivas
Coeficiente de variación,Baja California,20.03,0.00,0.00,17.14,4.49,6.80,0.00,9.20,6.18,6.97,0.00,16.70,7.35,4.51,8.22,25.31,23.00,23.94, , , , , , , , ,9.20,Cifras Definitivas
Estimación,Baja California Sur,195173.00,40166.00,39826.00,36499.00,78682.00,29557.00,31527.00,4229.00,69118.00,15969.00,41320.00,3453.00,237905.00,4.75,48535.00,103625.00,42038.00,975.00, , , , , , , , ,4229.00,Cifras Definitivas
Límite de confianza inferior,Baja California Sur,187891.00,37578.00,37372.00,33007.00,74776.00,26571.00,31527.00,3840.00,63653.00,9454.00,35766.00,695.00,118618.00,4.53,42790.00,96586.00,33314.00,603.00, , , , , , , , ,3840.00,Cifras Definitivas
Límite de confianza superior,Baja California Sur,202456.00,42754.00,42280.00,39991.00,82587.00,32544.00,35974.00,4618.00,74583.00,22483.00,46874.00,1474.00,357193.00,4.97,54280.00,110664.00,50762.00,1348.00, , , , , , , , ,4618.00,Cifras Definitivas
Coeficiente de variación,Baja California Sur,1.90,3.29,3.14,4.88,2.53,5.16,7.20,4.69,4.03,20.81,6.86,18.33,25.58,2.38,6.04,3.47,11.00,19.49, , , , , , , , ,4.69,Cifras Definitivas
Estimación,Campeche,449574.00,111737.00,78680.00,80934.00,178223.00,68113.00,124255.00,14702.00,177459.00,13915.00,30679.00,20451.00,98514.00,4.34,50293.00,354999.00,38644.00,5638.00, , , , , , , , ,14702.00,Cifras Definitivas
Límite de confianza inferior,Campeche,438341.00,107592.00,73809.00,76479.00,171957.00,64956.00,124255.00,13979.00,171030.00,12001.00,26415.00,12697.00,88517.00,4.14,44991.00,344131.00,30766.00,4679.00, , , , , , , , ,13979.00,Cifras Definitivas
Límite de confianza superior,Campeche,460807.00,115882.00,83551.00,85389.00,184489.00,71270.00,131565.00,15426.00,183887.00,15828.00,34943.00,18533.00,108512.00,4.54,55594.00,365867.00,46522.00,6597.00, , , , , , , , ,15426.00,Cifras Definitivas
Coeficiente de variación,Campeche,1.27,1.90,3.16,2.81,1.79,2.36,3.00,2.51,1.85,7.02,7.09,9.54,5.18,2.39,5.38,1.56,10.00,8.68, , , , , , , , ,2.51,Cifras Definitivas
Estimación,Coahuila de Zaragoza,891594.00,194404.00,166955.00,173696.00,356539.00,123153.00,148103.00,22410.00,269816.00,264369.00,38558.00,25185.00,4402193.00,4.88,80183.00,277956.00,526677.00,6778.00, , , , , , , , ,22410.00,Cifras Definitivas
Límite de confianza inferior,Coahuila de Zaragoza,773661.00,167580.00,133294.00,131551.00,320414.00,81519.00,148103.00,20235.00,253103.00,188840.00,17376.00,8842.00,2737807.00,4.35,59519.00,255923.00,407859.00,4445.00, , , , , , , , ,20235.00,Cifras Definitivas
Límite de confianza superior,Coahuila de Zaragoza,1009526.00,221229.00,200616.00,215841.00,392663.00,164787.00,177774.00,24585.00,286530.00,339897.00,59741.00,36676.00,6066579.00,5.40,100847.00,299988.00,645496.00,9111.00, , , , , , , , ,24585.00,Cifras Definitivas
Coeficiente de variación,Coahuila de Zaragoza,6.75,7.05,10.29,12.38,5.17,17.25,10.22,4.95,3.16,14.58,28.03,31.2,19.29,5.47,13.15,4.04,12.00,17.56, , , , , , , , ,4.95,Cifras Definitivas
Estimación,Colima,175567.00,41594.00,34658.00,32030.00,67285.00,25875.00,68453.00,4908.00,38876.00,1945.00,29383.00,6127.00,85233.00,5.84,11261.00,123428.00,39499.00,1379.00, , , , , , , , ,4908.00,Cifras Definitivas
Límite de confianza inferior,Colima,169105.00,39305.00,32277.00,29119.00,64227.00,23640.00,68453.00,4529.00,35147.00,1180.00,26541.00,4760.00,76298.00,5.57,8381.00,115239.00,34344.00,850.00, , , , , , , , ,4529.00,Cifras Definitivas
Límite de confianza superior,Colima,182029.00,43884.00,37040.00,34941.00,70342.00,28111.00,73325.00,5286.00,42604.00,2710.00,32226.00,6933.00,94169.00,6.12,14141.00,131618.00,44655.00,1907.00, , , , , , , , ,5286.00,Cifras Definitivas
Coeficiente de variación,Colima,1.88,2.81,3.51,4.64,2.32,4.41,3.63,3.93,4.89,20.06,4.94,9.48,5.35,2.40,13.05,3.39,7.00,19.55, , , , , , , , ,3.93,Cifras Definitivas
Estimación,Chiapas,1624900.00,401150.00,289986.00,292505.00,641259.00,206618.00,346600.00,60594.00,464237.00,122157.00,331542.00,93152.00,1270965.00,4.61,291411.00,881823.00,395788.00,55878.00, , , , , , , , ,60594.00,Cifras Definitivas
Límite de confianza inferior,Chiapas,1580190.00,384531.00,275800.00,276582.00,610117.00,193645.00,346600.00,56012.00,425073.00,108480.00,306574.00,76309.00,1192811.00,4.53,266074.00,841642.00,350268.00,48799.00, , , , , , , , ,56012.00,Cifras Definitivas
Límite de confianza superior,Chiapas,1669611.00,417770.00,304172.00,308428.00,672400.00,219590.00,367670.00,65177.00,503400.00,135834.00,356510.00,93396.00,1349119.00,4.70,316747.00,922004.00,441307.00,62959.00, , , , , , , , ,65177.00,Cifras Definitivas
Coeficiente de variación,Chiapas,1.40,2.12,2.50,2.78,2.48,3.20,3.10,3.86,4.30,5.71,3.84,5.14,3.14,0.94,4.44,2.32,6.00,6.46, , , , , , , , ,3.86,Cifras Definitivas
Estimación,Chihuahua,1797168.00,440000.00,288308.00,257539.00,811321.00,130164.00,388949.00,54520.00,826256.00,270880.00,68643.00,57756.00,2721662.00,5.39,294989.00,805952.00,675103.00,21124.00, , , , , , , , ,54520.00,Cifras Definitivas
Límite de confianza inferior,Chihuahua,1717707.00,413485.00,266062.00,220916.00,772932.00,101895.00,388949.00,49730.00,794332.00,200144.00,57180.00,38026.00,2188068.00,5.25,269054.00,768889.00,592893.00,18079.00, , , , , , , , ,49730.00,Cifras Definitivas
Límite de confianza superior,Chihuahua,1876629.00,466514.00,310553.00,294162.00,849711.00,158432.00,414456.00,59311.00,858180.00,341615.00,80107.00,49564.00,3255256.00,5.54,320923.00,843016.00,757313.00,24169.00, , , , , , , , ,59311.00,Cifras Definitivas
Coeficiente de variación,Chihuahua,2.26,3.08,3.94,7.26,2.41,11.08,3.35,4.48,1.97,13.32,8.52,6.72,10.00,1.38,4.49,2.35,6.00,7.35, , , , , , , , ,4.48,Cifras Definitivas
Estimación,Distrito Federal,9376.00,2825.00,3218.00,1685.00,1648.00,597.00,3864.00,224.00,1137.00,1165.00,841.00,1548.00,15278.00,8.27,2645.00,3097.00,2254.00,1380.00,15204.00,4750.00,8902.00,501.00,188.00,1134.00,2.00,10.00,229.00,Cifras Definitivas
Límite de confianza inferior,Distrito Federal,8920.00,2576.00,2810.00,1488.00,1412.00,478.00,3864.00,139.00,862.00,841.00,664.00,1264.00,11865.00,7.92,2243.00,2672.00,1941.00,1234.00,14514.00,4195.00,8333.00,379.00,110.00,921.00,2.00,9.00,165.00,Cifras Definitivas
Límite de confianza superior,Distrito Federal,9831.00,3074.00,3626.00,1882.00,1883.00,716.00,4340.00,308.00,1412.00,1488.00,1018.00,1557.00,18691.00,8.62,3046.00,3522.00,2567.00,1526.00,15893.00,5305.00,9472.00,623.00,266.00,1346.00,2.00,10.00,293.00,Cifras Definitivas
Coeficiente de variación,Distrito Federal,2.48,4.51,6.47,5.96,7.28,10.14,6.28,19.34,12.36,14.18,10.74,5.29,11.4,2.18,7.74,7.00,7.00,5.40,2.32,5.96,3.26,12.43,21.11,9.56,2.39,2.38,14.21,Cifras Definitivas
Estimación,Durango,1308326.00,270195.00,245425.00,174253.00,618453.00,221126.00,304484.00,33203.00,489022.00,162200.00,53126.00,45165.00,3508727.00,6.28,269420.00,589707.00,430189.00,19010.00, , , , , , , , ,33203.00,Cifras Definitivas
Límite de confianza inferior,Durango,1209801.00,251404.00,173879.00,151280.00,594196.00,141490.00,304484.00,31017.00,470756.00,123851.00,45305.00,36816.00,2574059.00,6.10,251073.00,508785.00,364457.00,16736.00, , , , , , , , ,31017.00,Cifras Definitivas
Límite de confianza superior,Durango,1406852.00,288985.00,316971.00,197226.00,642711.00,300763.00,330585.00,35390.00,507289.00,200550.00,60947.00,51670.00,4443395.00,6.46,287767.00,670628.00,495921.00,21284.00, , , , , , , , ,35390.00,Cifras Definitivas
Coeficiente de variación,Durango,3.84,3.55,14.87,6.73,2.00,18.37,4.37,3.36,1.91,12.06,7.51,8.56,13.59,1.46,3.47,7.00,8.00,6.10, , , , , , , , ,3.36,Cifras Definitivas
Estimación,Guanajuato,707969.00,168995.00,167862.00,171676.00,199436.00,71187.00,237050.00,13720.00,136665.00,115928.00,81269.00,52150.00,2086983.00,4.78,128394.00,301032.00,234746.00,43797.00, , , , , , , , ,13720.00,Cifras Definitivas
Límite de confianza inferior,Guanajuato,688367.00,158162.00,155269.00,157481.00,185055.00,63372.00,237050.00,10670.00,122254.00,101265.00,69160.00,41717.00,1832062.00,4.60,111294.00,278772.00,213642.00,37703.00, , , , , , , , ,10670.00,Cifras Definitivas
Límite de confianza superior,Guanajuato,727571.00,179827.00,180456.00,185871.00,213816.00,79002.00,255807.00,16770.00,151076.00,130590.00,93377.00,54217.00,2341905.00,4.96,145494.00,323291.00,255851.00,49890.00, , , , , , , , ,16770.00,Cifras Definitivas
Coeficiente de variación,Guanajuato,1.41,3.28,3.83,4.22,3.68,5.60,4.04,11.34,5.38,6.45,7.60,6.65,6.23,1.89,6.80,3.77,5.00,7.10, , , , , , , , ,11.34,Cifras Definitivas
Estimación,Guerrero,1072584.00,264995.00,191283.00,189715.00,426591.00,125935.00,308764.00,38827.00,239426.00,39686.00,254434.00,65512.00,793893.00,7.03,208738.00,698996.00,119246.00,45604.00, , , , , , , , ,38827.00,Cifras Definitivas
Límite de confianza inferior,Guerrero,1052963.00,256989.00,183510.00,180785.00,414528.00,117172.00,308764.00,36509.00,225688.00,34455.00,239713.00,55218.00,746369.00,6.85,190726.00,673466.00,102059.00,40190.00, , , , , , , , ,36509.00,Cifras Definitivas
Límite de confianza superior,Guerrero,1092205.00,273002.00,199056.00,198645.00,438653.00,134697.00,325010.00,41145.00,253165.00,44917.00,269156.00,67230.00,841417.00,7.20,226751.00,724526.00,136433.00,51017.00, , , , , , , , ,41145.00,Cifras Definitivas
Coeficiente de variación,Guerrero,0.93,1.55,2.07,2.40,1.44,3.55,2.68,3.05,2.93,6.72,2.95,5.01,3.05,1.28,4.4,1.86,7.00,6.06, , , , , , , , ,3.05,Cifras Definitivas
Estimación,Hidalgo,379919.00,89755.00,74297.00,68843.00,147024.00,62138.00,60881.00,11107.00,104927.00,52661.00,38503.00,49702.00,863962.00,5.17,110592.00,145220.00,83034.00,41073.00, , , , , , , , ,11107.00,Cifras Definitivas
Límite de confianza inferior,Hidalgo,369160.00,85349.00,69410.00,63507.00,140407.00,57040.00,60881.00,9721.00,98203.00,46015.00,34122.00,43321.00,729101.00,5.03,102071.00,136220.00,72587.00,37597.00, , , , , , , , ,9721.00,Cifras Definitivas
Límite de confianza superior,Hidalgo,390678.00,94162.00,79184.00,74179.00,153641.00,67235.00,67201.00,12493.00,111650.00,59306.00,42883.00,50504.00,998824.00,5.30,119114.00,154221.00,93480.00,44547.00, , , , , , , , ,12493.00,Cifras Definitivas
Coeficiente de variación,Hidalgo,1.44,2.51,3.36,3.95,2.30,4.19,5.30,6.37,3.27,6.44,5.80,3.91,7.96,1.32,3.93,3.16,6.00,4.32, , , , , , , , ,6.37,Cifras Definitivas
Estimación,Jalisco,2153327.00,509630.00,477054.00,402952.00,763691.00,377312.00,555933.00,47241.00,488189.00,418470.00,222958.00,43224.00,6561349.00,5.15,361266.00,1118441.00,651203.00,22417.00, , , , , , , , ,47241.00,Cifras Definitivas
Límite de confianza inferior,Jalisco,2077336.00,483427.00,439354.00,384635.00,724449.00,360926.00,555933.00,43603.00,463458.00,382866.00,187933.00,32471.00,6072757.00,5.07,334669.00,1066345.00,586781.00,18771.00, , , , , , , , ,43603.00,Cifras Definitivas
Límite de confianza superior,Jalisco,2229318.00,535833.00,514754.00,421269.00,802933.00,393699.00,607240.00,50879.00,512919.00,454074.00,257983.00,41886.00,7049941.00,5.24,387864.00,1170537.00,715625.00,26063.00, , , , , , , , ,50879.00,Cifras Definitivas
Coeficiente de variación,Jalisco,1.80,2.63,4.03,2.32,2.62,2.22,4.71,3.93,2.58,4.34,8.02,6.46,3.80,0.84,3.76,2.38,5.00,8.30, , , , , , , , ,3.93,Cifras Definitivas
Estimación,Ciudad de México,490241.00,125518.00,134387.00,92575.00,137761.00,48261.00,136036.00,10534.00,69625.00,55878.00,67360.00,102547.00,911843.00,5.56,115685.00,185970.00,94853.00,93733.00, , , , , , , , ,10534.00,Cifras Definitivas
Límite de confianza inferior,Ciudad de México,475140.00,119730.00,127333.00,85881.00,130453.00,41813.00,136036.00,9099.00,64200.00,47086.00,61412.00,92849.00,742028.00,5.39,105258.00,175198.00,81154.00,89513.00, , , , , , , , ,9099.00,Cifras Definitivas
Límite de confianza superior,Ciudad de México,505343.00,131306.00,141441.00,99270.00,145070.00,54708.00,144954.00,11969.00,75050.00,64670.00,73308.00,101432.00,1081658.00,5.72,126111.00,196741.00,108551.00,97956.00, , , , , , , , ,11969.00,Cifras Definitivas
Coeficiente de variación,Ciudad de México,1.57,2.36,2.68,3.69,2.71,6.82,3.34,6.95,3.98,8.03,4.51,2.25,9.50,1.53,4.60,2.96,7.00,2.30, , , , , , , , ,6.95,Cifras Definitivas
Estimación,Michoacán de Ocampo,1652265.00,250866.00,0.00,0.00,390647.00,102922.00,0.00,30744.00,194112.00,0.00,302168.00,64016.00,1284173.00,6.00,0.00,626465.00,0.00,50281.00, , , , , , , , ,30744.00,Cifras Definitivas
Límite de confianza inferior,Michoacán de Ocampo,586089.00,239144.00,0.00,0.00,372081.00,92118.00,0.00,27704.00,171830.00,0.00,277271.00,51429.00,1131673.00,5.78,0.00,591628.00,0.00,42761.00, , , , , , , , ,27704.00,Cifras Definitivas
Límite de confianza superior,Michoacán de Ocampo,2718441.00,262589.00,0.00,0.00,409212.00,113726.00,0.00,33785.00,216394.00,0.00,327065.00,68013.00,1436672.00,6.22,0.00,661302.00,0.00,57800.00, , , , , , , , ,33785.00,Cifras Definitivas
Coeficiente de variación,Michoacán de Ocampo,32.92,2.39,0.00,0.00,2.42,5.36,0.00,5.05,5.86,0.00,4.20,7.08,6.06,1.88,0.00,2.84,0.00,7.63, , , , , , , , ,5.05,Cifras Definitivas
Estimación,Morelos,129962.00,33062.00,29352.00,28816.00,38732.00,17633.00,40418.00,4345.00,34356.00,3372.00,22478.00,7360.00,99205.00,6.59,20476.00,77207.00,27644.00,4635.00, , , , , , , , ,4345.00,Cifras Definitivas
Límite de confianza inferior,Morelos,125898.00,30860.00,26624.00,25840.00,35894.00,15451.00,40418.00,3494.00,30402.00,1935.00,19443.00,4801.00,83705.00,6.25,16470.00,71261.00,23057.00,3456.00, , , , , , , , ,3494.00,Cifras Definitivas
Límite de confianza superior,Morelos,134026.00,35263.00,32079.00,31793.00,41571.00,19815.00,44568.00,5196.00,38310.00,4809.00,25513.00,7419.00,114704.00,6.92,24482.00,83153.00,32230.00,5815.00, , , , , , , , ,5196.00,Cifras Definitivas
Coeficiente de variación,Morelos,1.60,3.40,4.74,5.27,3.74,6.31,5.24,9.99,5.87,21.74,6.89,10.93,7.97,2.59,9.98,3.93,8.00,12.98, , , , , , , , ,9.99,Cifras Definitivas
Estimación,Nayarit,512403.00,122136.00,98446.00,80926.00,210895.00,73488.00,120997.00,16489.00,214362.00,13037.00,54025.00,20005.00,180757.00,6.71,84716.00,372240.00,48740.00,6707.00, , , , , , , , ,16489.00,Cifras Definitivas
Límite de confianza inferior,Nayarit,500974.00,117609.00,93025.00,76476.00,204166.00,68121.00,120997.00,15196.00,204243.00,9432.00,47485.00,16609.00,146590.00,6.50,74002.00,357919.00,38577.00,5165.00, , , , , , , , ,15196.00,Cifras Definitivas
Límite de confianza superior,Nayarit,523832.00,126663.00,103868.00,85375.00,217625.00,78854.00,130414.00,17783.00,224481.00,16642.00,60566.00,22328.00,214924.00,6.93,95430.00,386560.00,58903.00,8250.00, , , , , , , , ,17783.00,Cifras Definitivas
Coeficiente de variación,Nayarit,1.14,1.90,2.81,2.81,1.63,3.73,3.97,4.00,2.41,14.11,6.18,7.49,9.64,1.66,6.45,1.96,11.00,11.73, , , , , , , , ,4.00,Cifras Definitivas
Estimación,Nuevo León,729488.00,0.00,81800.00,0.00,320114.00,46854.00,0.00,24451.00,383568.00,0.00,8498.00,19583.00,66070.00,5.47,0.00,284715.00,0.00,6401.00, , , , , , , , ,24451.00,Cifras Definitivas
Límite de confianza inferior,Nuevo León,572471.00,0.00,69884.00,0.00,304896.00,40294.00,0.00,21784.00,364977.00,0.00,4725.00,14436.00,38509.00,4.38,0.00,262053.00,0.00,4048.00, , , , , , , , ,21784.00,Cifras Definitivas
Límite de confianza superior,Nuevo León,886504.00,0.00,93716.00,0.00,335332.00,53414.00,0.00,27118.00,402158.00,0.00,12271.00,22200.00,93631.00,6.55,0.00,307377.00,0.00,8752.00, , , , , , , , ,27118.00,Cifras Definitivas
Coeficiente de variación,Nuevo León,10.98,0.00,7.43,0.00,2.43,7.14,0.00,5.56,2.47,0.00,22.65,10.81,21.28,10.15,0.00,4.06,0.00,18.75, , , , , , , , ,5.56,Cifras Definitivas
Estimación,Oaxaca,1037169.00,250079.00,191350.00,203531.00,392209.00,177369.00,256467.00,39823.00,271696.00,24028.00,183420.00,84366.00,576401.00,5.72,165283.00,659076.00,148635.00,64175.00, , , , , , , , ,39823.00,Cifras Definitivas
Límite de confianza inferior,Oaxaca,995753.00,236389.00,175744.00,187948.00,365319.00,163337.00,256467.00,35858.00,250408.00,17367.00,159109.00,67648.00,519369.00,5.42,141174.00,612744.00,123333.00,55417.00, , , , , , , , ,35858.00,Cifras Definitivas
Límite de confianza superior,Oaxaca,1078585.00,263769.00,206957.00,219114.00,419098.00,191401.00,277972.00,43788.00,292984.00,30690.00,207731.00,86559.00,633434.00,6.02,189392.00,705409.00,173937.00,72931.00, , , , , , , , ,43788.00,Cifras Definitivas
Coeficiente de variación,Oaxaca,2.04,2.80,4.16,3.91,3.50,4.04,4.28,5.08,4.00,14.15,6.76,6.26,5.05,2.69,7.44,3.59,9.00,6.96, , , , , , , , ,5.08,Cifras Definitivas
Estimación,Puebla,400105.00,106150.00,96579.00,65081.00,132295.00,55992.00,104128.00,8350.00,54409.00,50214.00,64022.00,62990.00,1150903.00,4.91,94601.00,134641.00,117461.00,53402.00,1142481.00,286589.00,744554.00,0.00,0.00,0.00,2.00,8.00,3741.00,Cifras Definitivas
Límite de confianza inferior,Puebla,386566.00,97970.00,87518.00,58113.00,122401.00,49659.00,104128.00,6465.00,47064.00,41597.00,54346.00,51475.00,1000066.00,4.72,81020.00,119529.00,105169.00,47927.00,724714.00,190201.00,459412.00,0.00,0.00,0.00,2.00,7.00,2588.00,Cifras Definitivas
Límite de confianza superior,Puebla,413644.00,114331.00,105639.00,72048.00,142189.00,62324.00,116288.00,10236.00,61754.00,58831.00,73698.00,62956.00,1301740.00,5.10,108182.00,149753.00,129753.00,58877.00,1560247.00,382977.00,1029695.00,0.00,0.00,0.00,2.00,8.00,4893.00,Cifras Definitivas
Coeficiente de variación,Puebla,1.73,3.94,4.79,5.46,3.82,5.77,5.96,11.52,6.89,8.76,7.71,5.12,6.69,1.97,7.32,5.73,5.00,5.23,18.66,17.16,19.54,0.00,0.00,0.00,3.20,3.42,15.72,Cifras Definitivas
Estimación,Querétaro,229515.00,51842.00,64358.00,47646.00,65669.00,20335.00,71087.00,2942.00,45443.00,51196.00,23694.00,14818.00,1050629.00,6.67,38404.00,74614.00,103725.00,12772.00, , , , , , , , ,2942.00,Cifras Definitivas
Límite de confianza inferior,Querétaro,215727.00,46281.00,56931.00,42208,58690.00,16029.00,71087.00,2108.00,39459.00,41251.00,18726.00,11123.00,870894.00,6.08,31703.00,65531.00,89900.00,10443.00, , , , , , , , ,2108.00,Cifras Definitivas
Límite de confianza superior,Querétaro,243304.00,57402.00,71784.00,53085.00,72649.00,24640.00,80959.00,3776.00,51427.00,61142.00,28663.00,15803.00,1230365.00,7.27,45104.00,83697.00,117549.00,15104.00, , , , , , , , ,3776.00,Cifras Definitivas
Coeficiente de variación,Querétaro,3.07,5.48,5.89,5.82,5.42,10.8,7.09,14.47,6.72,9.91,10.7,8.87,8.73,4.55,8.90,6.21,7.00,9.31, , , , , , , , ,14.47,Cifras Definitivas
Estimación,Quintana Roo,76844.00,19143.00,13190.00,14106.00,30405.00,14752.00,20650.00,2915.00,30159.00,1531.00,4884.00,1953.00,14828.00,5.23,6704.00,56163.00,12530.00,1447.00, , , , , , , , ,2915.00,Cifras Definitivas
Límite de confianza inferior,Quintana Roo,74292.00,17561.00,12227.00,12911.00,28845.00,13522.00,20650.00,2653.00,28347.00,1133.00,3842.00,1153.00,11882.00,4.94,5242.00,52926.00,10694.00,1000.00, , , , , , , , ,2653.00,Cifras Definitivas
Límite de confianza superior,Quintana Roo,79397.00,20724.00,14153.00,15302.00,31965.00,15981.00,22666.00,3178.00,31972.00,1929.00,5927.00,2062.00,17774.00,5.53,8167.00,59399.00,14366.00,1895.00, , , , , , , , ,3178.00,Cifras Definitivas
Coeficiente de variación,Quintana Roo,1.69,4.22,3.72,4.32,2.62,4.25,4.98,4.59,3.07,13.25,10.89,14.43,10.14,2.87,11.13,2.94,7.00,15.78, , , , , , , , ,4.59,Cifras Definitivas
Estimación,San Luis Potosí,935145.00,161700.00,0.00,0.00,309127.00,82780.00,0.00,24526.00,305131.00,0.00,65031.00,56543.00,283995.00,5.42,0.00,281229.00,0.00,40172.00, , , , , , , , ,24526.00,Cifras Definitivas
Límite de confianza inferior,San Luis Potosí,607651.00,153586.00,0.00,0.00,292594.00,74801.00,0.00,22414.00,285138.00,0.00,56098.00,47118.00,224111.00,5.01,0.00,260643.00,0.00,35228.00, , , , , , , , ,22414.00,Cifras Definitivas
Límite de confianza superior,San Luis Potosí,1262638.00,169814.00,0.00,0.00,325659.00,90759.00,0.00,26637.00,325124.00,0.00,73964.00,58440.00,343880.00,5.82,0.00,301815.00,0.00,45114.00, , , , , , , , ,26637.00,Cifras Definitivas
Coeficiente de variación,San Luis Potosí,17.87,2.57,0.00,0.00,2.73,4.92,0.00,4.39,3.34,0.00,7.01,5.47,10.76,3.80,0.00,3.73,0.00,6.28, , , , , , , , ,4.39,Cifras Definitivas
Estimación,Sinaloa,1125242.00,227462.00,272233.00,281258.00,344289.00,103110.00,529014.00,27967.00,191895.00,40228.00,216648.00,16380.00,631712.00,5.60,0.00,612060.00,0.00,7773.00, , , , , , , , ,27967.00,Cifras Definitivas
Límite de confianza inferior,Sinaloa,944869.00,215006.00,168741.00,187568.00,328012.00,90269.00,529014.00,23365.00,174052.00,31824.00,198429.00,10064.00,573517.00,5.38,0.00,574781.00,0.00,4819.00, , , , , , , , ,23365.00,Cifras Definitivas
Límite de confianza superior,Sinaloa,1305614.00,239918.00,375724.00,374948.00,360565.00,115951.00,709804.00,32570.00,209738.00,48632.00,234867.00,18027.00,689907.00,5.82,0.00,649339.00,0.00,10726.00, , , , , , , , ,32570.00,Cifras Definitivas
Coeficiente de variación,Sinaloa,8.18,2.80,19.40,17,2.41,6.35,17.44,8.40,4.74,10.66,4.29,14.46,4.70,2.02,0.00,3.11,0.00,19.39, , , , , , , , ,8.40,Cifras Definitivas
Estimación,Sonora,1721583.00,422977.00,316441.00,271347.00,710818.00,170771.00,516638.00,65142.00,676162.00,42303.00,197851.00,52716.00,750524.00,5.74,573802.00,754574.00,388793.00,4414.00, , , , , , , , ,65142.00,Cifras Definitivas
Límite de confianza inferior,Sonora,1580627.00,377432.00,230540.00,206323.00,673300.00,153841.00,516638.00,59432.00,626884.00,29682.00,166438.00,26739.00,584665.00,5.44,509638.00,647926.00,300119.00,2309.00, , , , , , , , ,59432.00,Cifras Definitivas
Límite de confianza superior,Sonora,1862539.00,468521.00,402342.00,336371.00,748337.00,187701.00,653186.00,70852.00,725439.00,54924.00,229265.00,44182.00,916384.00,6.04,637967.00,861222.00,477468.00,6517.00, , , , , , , , ,70852.00,Cifras Definitivas
Coeficiente de variación,Sonora,4.18,5.50,13.85,12.23,2.69,5.06,13.48,4.47,3.72,15.22,8.10,12.55,11.28,2.67,5.71,7.21,12.00,24.33, , , , , , , , ,4.47,Cifras Definitivas
Estimación,Tabasco,1044705.00,250734.00,231573.00,222374.00,340024.00,132394.00,307169.00,39065.00,444346.00,25671.00,54700.00,41360.00,233603.00,4.39,122077.00,723645.00,187724.00,11259.00, , , , , , , , ,39065.00,Cifras Definitivas
Límite de confianza inferior,Tabasco,1013008.00,238534.00,217014.00,206195.00,317856.00,118242.00,307169.00,34465.00,417147.00,18367.00,43834.00,24320.00,177242.00,4.09,104898.00,687750.00,156566.00,8047.00, , , , , , , , ,34465.00,Cifras Definitivas
Límite de confianza superior,Tabasco,1076402.00,262935.00,246132.00,238553.00,362190.00,146546.00,329052.00,43666.00,471544.00,32974.00,65565.00,35895.00,289964.00,4.68,139256.00,759541.00,218882.00,14469.00, , , , , , , , ,43666.00,Cifras Definitivas
Coeficiente de variación,Tabasco,1.55,2.49,3.21,3.71,3.33,5.45,3.63,6.01,3.12,14.52,10.13,9.81,12.31,3.39,7.18,2.53,8.00,14.55, , , , , , , , ,6.01,Cifras Definitivas
Estimación,Tamaulipas,1204743.00,247402.00,290522.00,175923.00,490896.00,96696.00,312634.00,40931.00,680802.00,0.00,0.00,21021.00,145983.00,5.28,156148.00,518324.00,519527.00,10744.00, , , , , , , , ,40931.00,Cifras Definitivas
Límite de confianza inferior,Tamaulipas,1056444.00,227619.00,157317.00,142706.00,458486.00,83113.00,312634.00,36574.00,597533.00,0.00,0.00,12716.00,87470.00,4.47,129491.00,460280.00,373708.00,7890.00, , , , , , , , ,36574.00,Cifras Definitivas
Límite de confianza superior,Tamaulipas,1353042.00,267186.00,423728.00,209140.00,523303.00,110280.00,390898.00,45287.00,764070.00,0.00,0.00,20798.00,204496.00,6.10,182805.00,576368.00,665346.00,13596.00, , , , , , , , ,45287.00,Cifras Definitivas
Coeficiente de variación,Tamaulipas,6.28,4.08,23.39,9.63,3.37,7.17,12.77,5.43,6.24,0.00,0.00,12.30,20.45,7.87,8.71,5.71,14.00,13.55, , , , , , , , ,5.43,Cifras Definitivas
Estimación,Tlaxcala,77308.00,20140.00,19466.00,18001.00,19701.00,10531.00,10762.00,966.00,3698.00,14605.00,18921.00,17825.00,273420.00,4.74,24048.00,22709.00,13768.00,16783.00, , , , , , , , ,966.00,Cifras Definitivas
Límite de confianza inferior,Tlaxcala,75001.00,18895.00,18053.00,16509.00,18087.00,9485.00,10762.00,760.00,2871.00,12976.00,17065.00,16510.00,250210.00,4.66,21672.00,20405.00,12094.00,15677.00, , , , , , , , ,760.00,Cifras Definitivas
Límite de confianza superior,Tlaxcala,79616.00,21384.00,20878.00,19492.00,21317.00,11577.00,12203.00,1171.00,4525.00,16233.00,20777.00,18729.00,296630.00,4.82,26424.00,25013.00,15443.00,17890.00, , , , , , , , ,1171.00,Cifras Definitivas
Coeficiente de variación,Tlaxcala,1.52,3.16,3.70,4.23,4.18,5.07,6.84,10.88,11.41,5.69,5.00,3.21,4.33,0.89,5.04,5.18,6.00,3.36, , , , , , , , ,10.88,Cifras Definitivas
Estimación,Veracruz de Ignacio de la Llave,2799873.00,682415.00,541782.00,524571.00,1051105.00,293818.00,859477.00,91040.00,553277.00,97451.00,775111.00,129699.00,2349985.00,4.71,663321.00,1794624.00,275016.00,66912.00, , , , , , , , ,91040.00,Cifras Definitivas
Límite de confianza inferior,Veracruz de Ignacio de la Llave,2645035.00,653103.00,499326.00,420228.00,1003418.00,254020.00,859477.00,83378.00,506494.00,76091.00,723893.00,111401.00,2137734.00,4.61,604367.00,1635123.00,219481.00,54862.00, , , , , , , , ,83378.00,Cifras Definitivas
Límite de confianza superior,Veracruz de Ignacio de la Llave,2954711.00,711726.00,584239.00,628915.00,1098792.00,333616.00,1007653.00,98702.00,600060.00,118810.00,826329.00,142735.00,2562236.00,4.81,722275.00,1954124.00,330550.00,78963.00, , , , , , , , ,98702.00,Cifras Definitivas
Coeficiente de variación,Veracruz de Ignacio de la Llave,2.82,2.20,4.00,10.15,2.31,6.91,8.80,4.29,4.31,11.18,3.37,6.29,4.61,1.06,4.53,4.53,10.00,9.19, , , , , , , , ,4.29,Cifras Definitivas
Estimación,Yucatán,456946.00,123335.00,86682.00,49023.00,197906.00,55144.00,155882.00,13581.00,208097.00,0.00,0.00,20598.00,9240.00,4.83,30235.00,347352.00,69420.00,9939.00, , , , , , , , ,13581.00,Cifras Definitivas
Límite de confianza inferior,Yucatán,432247.00,112401.00,79380.00,41893.00,184754.00,45272.00,155882.00,12509.00,194974.00,0.00,0.00,16131.00,3818.00,4.42,25482.00,324074.00,55871.00,8470.00, , , , , , , , ,12509.00,Cifras Definitivas
Límite de confianza superior,Yucatán,481644.00,134268.00,93984.00,56153.00,211058.00,65017.00,169095.00,14653.00,221220.00,0.00,0.00,22831.00,14662.00,5.23,34989.00,370630.00,82969.00,11408.00, , , , , , , , ,14653.00,Cifras Definitivas
Coeficiente de variación,Yucatán,2.76,4.53,4.30,7.42,3.39,9.13,4.32,4.03,3.22,0.00,0.00,8.77,29.94,4.28,8.02,3.42,10.00,7.54, , , , , , , , ,4.03,Cifras Definitivas
Estimación,Zacatecas,930475.00,213947.00,189994.00,169552.00,356982.00,66790.00,319701.00,23531.00,294254.00,100518.00,87843.00,37838.00,1187253.00,6.23,285861.00,403929.00,211596.00,29089.00, , , , , , , , ,23531.00,Cifras Definitivas
Límite de confianza inferior,Zacatecas,899047.00,202825.00,165165.00,157203.00,338423.00,56780.00,319701.00,19502.00,271559.00,81419.00,75309.00,31076.00,889239.00,6.01,253453.00,374344.00,182373.00,25667.00, , , , , , , , ,19502.00,Cifras Definitivas
Límite de confianza superior,Zacatecas,961903.00,225069.00,214822.00,181902.00,375541.00,76799.00,351524.00,27560.00,316949.00,119617.00,100378.00,39181.00,1485267.00,6.46,318269.00,433513.00,240819.00,32512.00, , , , , , , , ,27560.00,Cifras Definitivas
Coeficiente de variación,Zacatecas,1.72,2.66,6.67,3.72,2.65,7.65,5.08,8.74,3.94,9.69,7.28,5.89,12.81,1.85,5.78,3.74,7.00,6.00, , , , , , , , ,8.74,Cifras Definitivas
