TIPO_DATO,ENTIDAD,CB114_1,CB114_2,CB114_3,CB114_4,CB121_1,CB121_2,CB121_2_1,CB121_3,CB121_3_1,CB121_3_2,CB121_4,CB121_5,CB121_6,CB121_7,CB121_VACAS,CB122,CB122_01,CB131_1,CB131_2,CB131_3,CB131_3_1,CB131_3_1_1,CB131_NO_CLAS,CB161_1,CB161_2,CB161_3,CB161_4,CB161_NO_CLAS,CP112,CP121_1,CP121_1_1,CP121_2,CP121_2_1,CP121_3,CP121_4,CP121_5,CP121_5_1,CP121_6,CP121_7,CP121_7_3,CP121_DESTETE,CP121_MUEREN,CP131_1,CP131_2,CP131_3,CP131_3_1,CP131_NO_CLAS,ESTATUS
Estimación,Nacional,7067355,5655377,5299002,10393603,213178,3766824,2.6,6938730,5.6,513,1219769,8055424,2664938,3972860,6637798,2385794,31456356,5941666,13776703,7908455,2488200,788513,1583615,14043726,4188347,7087135,2307616,788513,14153863,3741795,1924659,7956696,92.7,774104,165782,322766,135.7,122397,1070323,7149103,6.7,1059587,1266514,2742472,9053480,2544813,1091398,Cifras Definitivas
Límite de confianza inferior,Nacional,6691748,5413347,4480871,9740174,192306,3604642,2.6,5785601,5.6,509,1164805,7856801,2455198,3809435,6374461,2292398,29503314,5610029,12868229,7338188,2077417,759739,1528844,13750425,3978087,5917977,2025322,759739,12279908,3283082,1706248,6670777,91.7,586207,47017,209977,108.1,114159,942058,6967224,6.6,1034001,1098951,2182656,7270970,1424818,1072898,Cifras Definitivas
Límite de confianza superior,Nacional,7442963,5897406,6117132,11047033,234050,3929005,2.6,8091859,5.7,517.1,1274733,8254046,2874677,4136286,6901135,2479190,33409398,6273303,14685177,8478722,2898982,817287,1638386,14337026,4398606,8256294,2589911,817287,16027819,4200509,2143070,9242616,93.7,962000,284548,435554,163.3,130635,1198587,7330982,6.7,1085173,1434077,3302288,10835989,3664809,1109898,Cifras Definitivas
Coeficiente de variación,Nacional,2.71,2.18,7.88,3.21,5,2.2,0.24,8.48,0.42,0.4,2.3,1.26,4.02,2.1,2.02,2,3.17,2.85,3.36,3.68,8.42,1.86,1.76,1.07,2.56,8.42,6.24,1.86,6.76,6.25,5.79,8.25,0.56,12.38,36.55,17.83,10.37,3.43,6.11,1.3,0.38,1.23,6.75,10.41,10.05,22.46,0.86,Cifras Definitivas
Estimación,Aguascalientes,63502,54231,47208,97273,503,54126,2.3,40077,5.3,521.9,7744,31185,95614,24208,119822,75083,1374376,64967,64240,128840,15009,4167,8756,51636,9432,164693,32285,4167, , , , , , , , , , , ,88978,5,15690, , , , , ,Cifras Definitivas
Límite de confianza inferior,Aguascalientes,59053,49024,42182,89683,326,45393,2.3,35157,5.1,494.5,5698,27703,84780,20642,108915,70011,1285287,59571,56892,109896,9390,3394,7154,46962,6165,145758,28050,3394, , , , , , , , , , , ,79366,4.8,14180, , , , , ,Cifras Definitivas
Límite de confianza superior,Aguascalientes,67950,59438,52233,104863,681,62858,2.4,44997,5.5,549.3,9789,34667,106448,27775,130729,80155,1463465,70362,71588,147783,20628,4939,10358,56310,12699,183628,36520,4939, , , , , , , , , , , ,98591,5.3,17200, , , , , ,Cifras Definitivas
Coeficiente de variación,Aguascalientes,3.57,4.9,5.43,3.98,18.01,8.23,1.11,6.26,1.55,2.68,13.48,5.7,5.78,7.52,4.64,3.45,3.31,4.24,5.84,7.5,19.1,9.46,9.33,4.62,17.67,5.87,6.69,9.46, , , , , , , , , , , ,5.51,2.42,4.91, , , , , ,Cifras Definitivas
Estimación,Baja California,132204,97883,37329,36729,618,29462,2.3,196349,5.4,742.4,4395,27769,38347,6322, , , ,45202,65006,193373,81955,563,882,38450,12983,243283,8866,563, , , , , , , , , , , ,42206,5.2,6748, , , , , ,Cifras Definitivas
Límite de confianza inferior,Baja California,55921,47573,33166,33214,36,25386,2.2,99468,5.1,314.1,2715,23995,33017,4186, , , ,37779,50032,104893,6097,222,453,33791,9175,146870,5906,222, , , , , , , , , , , ,38399,4.8,5790, , , , , ,Cifras Definitivas
Límite de confianza superior,Baja California,208488,148193,41493,40243,1201,33538,2.4,293230,5.7,1170.7,6076,31543,43677,8459, , , ,52626,79981,281853,157812,905,1311,43110,16791,339696,11826,905, , , , , , , , , , , ,46014,5.6,7707, , , , , ,Cifras Definitivas
Coeficiente de variación,Baja California,29.44,26.22,5.69,4.88,48.04,7.06,2.18,25.17,2.66,29.44,19.51,6.93,7.09,17.24, , , ,8.38,11.75,23.35,47.23,30.93,24.83,6.18,14.97,20.22,17.03,30.93, , , , , , , , , , , ,4.6,3.51,7.25, , , , , ,Cifras Definitivas
Estimación,Baja California Sur,53624,35993,33534,70264,3981,30964,2.5,37784,5.5,518.6,7098,51358,12031,38814, , , ,23279,110754,57354,14823,2027,11384,137751,24422,14835,14379,2027, , , , , , , , , , , ,60489,7,10563, , , , , ,Cifras Definitivas
Límite de confianza inferior,Baja California Sur,49753,32155,29730,64302,1750,26903,2.4,31121,5.3,508.2,5249,43141,7436,32851, , , ,17219,98745,46432,9139,1405,9009,126193,17003,8960,9193,1405, , , , , , , , , , , ,56375,6.8,8571, , , , , ,Cifras Definitivas
Límite de confianza superior,Baja California Sur,57494,39831,37338,76225,6212,35026,2.6,44446,5.8,529,8947,59575,16627,44776, , , ,29338,122764,68276,20508,2649,13758,149309,31841,20711,19565,2649, , , , , , , , , , , ,64604,7.3,12554, , , , , ,Cifras Definitivas
Coeficiente de variación,Baja California Sur,3.68,5.44,5.79,4.33,28.59,6.69,1.53,9,2.15,1.02,13.29,8.16,19.49,7.84, , , ,13.28,5.53,9.72,19.57,15.66,10.64,4.28,15.5,20.21,18.4,15.66, , , , , , , , , , , ,3.47,1.93,9.62, , , , , ,Cifras Definitivas
Estimación,Campeche,113309,81321,80592,172865,2764,80275,2.6,56028,5.7,533.3,22310,216680,10868,39154, , , ,43894,353325,44624,15034,6243,20009,319020,89868,8673,24282,6243, , , , , , , , , , , ,136492,6.7,19020, , , , , ,Cifras Definitivas
Límite de confianza inferior,Campeche,106685,73786,72671,163280,1056,72391,2.5,49154,5.5,486.6,19254,201796,7510,31664, , , ,34246,331695,34228,8779,4679,16992,298475,74216,4727,16625,4679, , , , , , , , , , , ,128205,6.5,17341, , , , , ,Cifras Definitivas
Límite de confianza superior,Campeche,119933,88855,88513,182449,4472,88159,2.6,62902,5.9,579.9,25366,231563,14226,46643, , , ,53543,374954,55021,21289,7806,23026,339565,105520,12618,31939,7806, , , , , , , , , , , ,144779,7,20700, , , , , ,Cifras Definitivas
Coeficiente de variación,Campeche,2.98,4.73,5.01,2.83,31.53,5.01,1.11,6.26,2.01,4.47,6.99,3.5,15.77,9.76, , , ,11.22,3.12,11.89,21.23,12.78,7.69,3.29,8.89,23.21,16.09,12.78, , , , , , , , , , , ,3.1,1.55,4.51, , , , , ,Cifras Definitivas
Estimación,Coahuila de Zaragoza,256704,180483,246241,401871,10492,252353,2.5,184498,5.7,518.1,25095,240692,330997,20992,351989,181179,3383202,126026,303337,649979,315423,5957,20181,366816,47472,620267,44788,5957, , , , , , , , , , , ,274021,5.6,28913, , , , , ,Cifras Definitivas
Límite de confianza inferior,Coahuila de Zaragoza,218044,155020,168216,343546,6262,191202,2.5,108159,5.5,508.6,21962,222676,254742,11391,275499,158375,3017784,110303,226978,514325,215039,4597,13996,341496,32418,468378,23752,4597, , , , , , , , , , , ,235188,5.4,25181, , , , , ,Cifras Definitivas
Límite de confianza superior,Coahuila de Zaragoza,295365,205946,324266,460197,14722,313503,2.6,260838,5.9,527.7,28227,258708,407252,30593,428478,203983,3748619,141748,379696,785633,415807,7318,26365,392135,62526,772156,65824,7318, , , , , , , , , , , ,312855,5.9,32645, , , , , ,Cifras Definitivas
Coeficiente de variación,Coahuila de Zaragoza,7.68,7.2,16.17,7.4,20.57,12.36,1.04,21.11,1.51,0.94,6.37,3.82,11.75,23.34,11.09,6.42,5.51,6.37,12.84,10.65,16.24,11.65,15.64,3.52,16.18,12.49,23.96,11.65, , , , , , , , , , , ,7.23,1.83,6.59, , , , , ,Cifras Definitivas
Estimación,Colima,43483,32868,28942,64163,1271,29143,2.8,31894,6.2,495,7085,68833,4206,19706, , , ,13165,128366,26534,5424,1389,7318,114068,42329,5756,5913,1389, , , , , , , , , , , ,46886,7.7,6439, , , , , ,Cifras Definitivas
Límite de confianza inferior,Colima,41471,30149,26809,60838,736,26865,2.8,28002,6,485.9,6097,64122,3010,16829, , , ,9713,121335,21451,3030,765,5942,106979,36501,3012,2624,765, , , , , , , , , , , ,44672,7.5,5888, , , , , ,Cifras Definitivas
Límite de confianza superior,Colima,45494,35587,31075,67488,1806,31421,2.8,35785,6.4,504,8074,73544,5402,22583, , , ,16617,135397,31618,7818,2013,8693,121158,48156,8501,9202,2013, , , , , , , , , , , ,49099,7.8,6989, , , , , ,Cifras Definitivas
Coeficiente de variación,Colima,2.36,4.22,3.76,2.64,21.48,3.99,0.7,6.23,1.87,0.93,7.12,3.49,14.51,7.45, , , ,13.38,2.79,9.78,22.52,22.91,9.59,3.17,7.02,24.33,28.38,22.91, , , , , , , , , , , ,2.41,1.24,4.36, , , , , ,Cifras Definitivas
Estimación,Chiapas,401735,317252,250907,676312,15007,283086,2.8,326623,6,502.2,84371,461233,69113,253707, , , ,366440,868335,349451,122718,61981,153067,1028116,415611,38532,101966,61981, , , , , , , , , , , ,405477,7.5,67900, , , , , ,Cifras Definitivas
Límite de confianza inferior,Chiapas,376060,279795,224355,621260,10956,246665,2.7,290483,5.8,492.4,62951,405408,51738,217172, , , ,321832,802040,240358,45109,51619,132010,917322,354744,20745,73630,51619, , , , , , , , , , , ,364805,7.4,57935, , , , , ,Cifras Definitivas
Límite de confianza superior,Chiapas,427409,354709,277460,731364,19058,319507,2.8,362763,6.2,511.9,105790,517057,86488,290242, , , ,411049,934630,458543,200326,72343,174124,1138911,476478,56319,130302,72343, , , , , , , , , , , ,446148,7.6,77864, , , , , ,Cifras Definitivas
Coeficiente de variación,Chiapas,3.26,6.02,5.4,4.15,13.77,6.56,0.87,5.65,1.96,0.99,12.95,6.18,12.83,7.35, , , ,6.21,3.9,15.93,32.27,8.53,7.02,5.5,7.47,23.55,14.18,8.53, , , , , , , , , , , ,5.12,0.91,7.49, , , , , ,Cifras Definitivas
Estimación,Chihuahua,557648,305665,274701,850296,15370,292926,2.7,307711,5.5,521.5,128644,807606,278620,74900,353520,143255,2250043,539542,633692,799592,124175,15484,82535,1056433,149276,612922,154196,15484, , , , , , , , , , , ,664226,5.8,76880, , , , , ,Cifras Definitivas
Límite de confianza inferior,Chihuahua,492682,258999,241393,794579,9832,203327,2.7,264730,5.4,514.1,96518,750651,217990,58485,291354,133926,2047466,496754,578651,661652,88435,12170,74175,982297,107078,486132,114155,12170, , , , , , , , , , , ,574529,5.7,71890, , , , , ,Cifras Definitivas
Límite de confianza superior,Chihuahua,622614,352332,308009,906014,20908,382525,2.7,350691,5.6,528.9,160770,864560,339250,91315,415686,152583,2452619,582331,688733,937533,159915,18799,90894,1130569,191474,739713,194238,18799, , , , , , , , , , , ,753922,6,81871, , , , , ,Cifras Definitivas
Coeficiente de variación,Chihuahua,5.94,7.79,6.19,3.34,18.38,15.61,0.66,7.13,1.28,0.72,12.74,3.6,11.1,11.18,8.97,3.32,4.59,4.05,4.43,8.8,14.69,10.92,5.17,3.58,14.42,10.55,13.25,10.92, , , , , , , , , , , ,6.89,0.94,3.31, , , , , ,Cifras Definitivas
Estimación,Distrito Federal,1926,2857,1856,1809,76,566,2.3,3265,5.2,538.1,345,1098,746,1160, , , ,3079,2121,2151,907,1098,1191,1515,237,4282,1317,1098, , , , , , , , , , , ,1066,4.9,106, , , , , ,Cifras Definitivas
Límite de confianza inferior,Distrito Federal,1630,2447,1494,1453,4,384,2.1,2774,4.9,515.5,205,836,515,839, , , ,2507,1683,1749,637,881,973,1159,61,3677,939,881, , , , , , , , , , , ,897,4.4,75, , , , , ,Cifras Definitivas
Límite de confianza superior,Distrito Federal,2222,3268,2218,2165,147,748,2.4,3756,5.4,560.7,486,1361,978,1481, , , ,3651,2559,2552,1176,1315,1408,1871,414,4886,1695,1315, , , , , , , , , , , ,1235,5.4,136, , , , , ,Cifras Definitivas
Coeficiente de variación,Distrito Federal,7.85,7.32,9.95,10.03,48.23,16.4,3.14,7.67,2.7,2.14,20.69,12.21,15.8,14.13, , , ,9.48,10.54,9.53,15.18,10.09,9.33,12,37.96,7.21,14.64,10.09, , , , , , , , , , , ,8.09,4.8,14.87, , , , , ,Cifras Definitivas
Estimación,Durango,486464,399337,330047,725408,3325,273360,2.7,337708,5.4,510.9,59150,443079,611681,158002,769683,183758,3763989,175061,680959,1071139,337144,14096,54951,691913,176016,995417,63814,14096, , , , , , , , , , , ,581677,6.6,66784, , , , , ,Cifras Definitivas
Límite de confianza inferior,Durango,415750,318479,282667,653931,2189,208455,2.7,220421,5.3,505.4,51240,410892,476035,85978,619873,170669,3471223,157270,629974,854738,212418,11441,45162,643618,69698,799995,50929,11441, , , , , , , , , , , ,481981,6.4,60612, , , , , ,Cifras Definitivas
Límite de confianza superior,Durango,557178,480194,377427,796886,4461,338265,2.7,454996,5.5,516.5,67059,475266,747327,230025,919493,196846,4056755,192853,731945,1287541,461869,16751,64741,740207,282333,1190840,76699,16751, , , , , , , , , , , ,681374,6.7,72956, , , , , ,Cifras Definitivas
Coeficiente de variación,Durango,7.42,10.33,7.32,5.03,17.44,12.11,0.68,17.72,1.19,0.55,6.82,3.71,11.31,23.26,9.93,3.63,3.97,5.19,3.82,10.31,18.88,9.61,9.09,3.56,30.82,10.02,10.3,9.61, , , , , , , , , , , ,8.74,1.07,4.72, , , , , ,Cifras Definitivas
Estimación,Guanajuato,182250,166037,152029,228469,3836,101867,2.4,125961,5.5,533.1,23269,163080,161547,83590,245136,94345,1495730,147644,264942,271296,59511,44902,65636,155848,43761,401605,82669,44902,1185634,310976,158178,728240,95.3,46111,2329,10867,205,7248,79863,176639,5.5,33278,45026,210620,884998,330798,44990,Cifras Definitivas
Límite de confianza inferior,Guanajuato,171134,154966,141543,208277,2222,91305,2.3,113864,5.4,481,19473,149935,136921,72365,219181,87753,1317991,133138,246518,240725,45517,40271,60154,140421,34310,369412,70399,40271,854446,228631,113389,458872,95,36119,1485,3771,172,4983,62609,163933,5.3,30110,33246,132315,557857,73380,41608,Cifras Definitivas
Límite de confianza superior,Guanajuato,193366,177108,162514,248660,5449,112429,2.4,138057,5.7,585.1,27064,176224,186173,94814,271091,100937,1673468,162150,283366,301866,73504,49533,71118,171274,53212,433798,94938,49533,1516821,393321,202966,997608,95.6,56103,3172,17964,238,9513,97117,189345,5.7,36446,56807,288925,1212138,588216,48372,Cifras Definitivas
Coeficiente de variación,Guanajuato,3.11,3.4,3.52,4.51,21.46,5.29,1.03,4.9,1.46,4.98,8.32,4.11,7.78,6.85,5.4,3.56,6.06,5.01,3.55,5.75,12,5.26,4.26,5.05,11.02,4.09,7.57,5.26,14.25,13.51,14.45,18.87,0.16,11.06,18.48,33.32,8.21,15.94,11.02,3.67,1.78,4.86,13.35,18.97,18.86,39.7,3.84,Cifras Definitivas
Estimación,Guerrero,253523,205201,198629,407460,11893,114902,2.8,203222,5.9,506.2,70493,275492,33292,270931, , , ,208396,658184,148951,22561,49283,84588,526787,273357,129550,85836,49283, , , , , , , , , , , ,238252,7.4,42373, , , , , ,Cifras Definitivas
Límite de confianza inferior,Guerrero,242590,192715,185648,387732,8879,103831,2.8,183129,5.7,496.4,58899,251490,23488,244302, , , ,182524,619047,121933,12465,41388,75316,488379,239158,106921,66651,41388, , , , , , , , , , , ,224647,7.2,38470, , , , , ,Cifras Definitivas
Límite de confianza superior,Guerrero,264455,217688,211611,427187,14907,125973,2.8,223315,6.1,515.9,82087,299494,43096,297560, , , ,234267,697321,175969,32656,57178,93859,565195,307556,152179,105022,57178, , , , , , , , , , , ,251857,7.6,46276, , , , , ,Cifras Definitivas
Coeficiente de variación,Guerrero,2.2,3.1,3.33,2.47,12.93,4.92,0.85,5.04,1.84,0.99,8.39,4.45,15.03,5.01, , , ,6.33,3.03,9.25,22.83,8.17,5.59,3.72,6.38,8.91,11.4,8.17, , , , , , , , , , , ,2.91,1.24,4.7, , , , , ,Cifras Definitivas
Estimación,Hidalgo,79060,78786,55578,130931,4183,47838,2.2,50453,5.4,510.8,12227,60160,59189,50852, , , ,87194,133830,77900,14877,45431,59453,72503,20605,147549,58266,45431, , , , , , , , , , , ,77143,5.3,14211, , , , , ,Cifras Definitivas
Límite de confianza inferior,Hidalgo,72878,70306,48819,120392,2480,41289,2.2,41079,5.1,497.3,8748,51348,48577,41231, , , ,74070,118839,64018,8745,39861,53608,60274,13887,130271,46718,39861, , , , , , , , , , , ,70282,5,11844, , , , , ,Cifras Definitivas
Límite de confianza superior,Hidalgo,85241,87265,62337,141470,5886,54387,2.3,59828,5.8,524.3,15706,68971,69800,60473, , , ,100317,148820,91781,21009,51002,65298,84732,27323,164826,69814,51002, , , , , , , , , , , ,84004,5.7,16578, , , , , ,Cifras Definitivas
Coeficiente de variación,Hidalgo,3.99,5.49,6.21,4.11,20.77,6.98,1.55,9.48,3.15,1.35,14.52,7.47,9.15,9.65, , , ,7.68,5.72,9.09,21.03,6.26,5.02,8.61,16.63,5.97,10.11,6.26, , , , , , , , , , , ,4.54,2.98,8.5, , , , , ,Cifras Definitivas
Estimación,Jalisco,578311,548016,438037,764500,24374,410419,2.4,477807,5.7,505.2,82780,529981,446043,317236,763278,360811,5638606,288431,1134307,884413,274516,21713,40225,1054769,224511,630719,397151,21713,1819475,466830,373150,994610,92.6,82545,1477,52984,188.7,5836,215193,652636,5.9,98150,84766,652600,1068069,314543,14040,Cifras Definitivas
Límite de confianza inferior,Jalisco,526650,490815,396435,711200,14664,355758,2.4,390161,5.5,498.5,69883,484520,370177,279594,672267,331981,5099422,247888,1049616,751408,164980,16308,32873,979770,184215,492818,347776,16308,1605467,405327,324011,858368,87.2,61618,826,51039,170.5,4987,193587,614755,5.7,91481,36208,614751,857022,277741,11633,Cifras Definitivas
Límite de confianza superior,Jalisco,629972,605217,479639,817799,34085,465079,2.5,565452,5.9,511.8,95677,575442,521909,354878,854289,389640,6177791,328975,1218999,1017418,384052,27117,47577,1129769,264808,768621,446526,27117,2033483,528332,422289,1130853,98.1,103472,2128,54930,206.9,6685,236799,690517,6.1,104819,133324,690449,1279117,351345,16447,Cifras Definitivas
Coeficiente de variación,Jalisco,4.56,5.33,4.85,3.56,20.33,6.8,0.93,9.36,1.47,0.67,7.95,4.38,8.68,6.05,6.08,4.08,4.88,7.17,3.81,7.67,20.36,12.7,9.33,3.63,9.16,11.16,6.34,12.7,6,6.72,6.72,6.99,3,12.94,22.49,1.87,4.92,7.42,5.12,2.96,1.77,3.47,29.23,2.96,10.08,5.97,8.75,Cifras Definitivas
Estimación,Ciudad de México,104750,125786,90414,140309,5236,40176,2.4,106637,5.1,538.2,11813,82034,25513,66730, , , ,81767,197079,81698,33479,100715,123120,98641,46611,130754,84539,100715, , , , , , , , , , , ,90439,6.4,14403, , , , , ,Cifras Definitivas
Límite de confianza inferior,Ciudad de México,95389,109614,77519,126971,3123,32653,2.3,90548,4.9,502.4,8872,71445,17123,41164, , , ,65626,176814,54744,8809,92887,115103,82429,34973,101408,68275,92887, , , , , , , , , , , ,72718,6,8089, , , , , ,Cifras Definitivas
Límite de confianza superior,Ciudad de México,114110,141959,103310,153647,7348,47699,2.5,122727,5.3,573.9,14754,92623,33903,92295, , , ,97908,217345,108652,58149,108542,131137,114853,58248,160100,100804,108542, , , , , , , , , , , ,108159,6.7,20716, , , , , ,Cifras Definitivas
Coeficiente de variación,Ciudad de México,4.56,6.56,7.28,4.85,20.59,9.55,2.18,7.7,2.07,3.39,12.7,6.59,16.78,19.55, , , ,10.07,5.25,16.83,37.6,3.97,3.32,8.39,12.74,11.45,9.82,3.97, , , , , , , , , , , ,10,2.97,22.37, , , , , ,Cifras Definitivas
Estimación,Michoacán de Ocampo,288011,344944,195212,342827,9646,131162,2.7,319091,5.6,515.4,54982,294659,50921,227395, , , ,359021,580628,185437,56819,45908,83139,567626,217176,260948,79336,45908,440835,134016,105253,222671,94.7,30581,2294,4012,145.9,6310,40951,246504,6.7,46007,42657,108917,260191,142865,29070,Cifras Definitivas
Límite de confianza inferior,Michoacán de Ocampo,275525,327788,182651,320612,6413,118269,2.6,300386,5.4,505.3,46020,265124,40065,201560, , , ,327289,539671,155740,38065,39476,75192,523694,187714,240893,60375,39476,362640,112684,85814,164042,92.9,24778,1219,2469,122.3,4835,29579,233820,6.5,41827,30380,91850,181562,72587,25756,Cifras Definitivas
Límite de confianza superior,Michoacán de Ocampo,300497,362101,207772,365042,12878,144054,2.7,337797,5.8,525.5,63943,324194,61777,253229, , , ,390753,621586,215133,75572,52341,91087,611558,246639,281003,98297,52341,519030,155349,124692,281299,96.4,36384,3369,5554,169.4,7785,52322,259188,6.9,50187,54935,125984,338820,213143,32384,Cifras Definitivas
Coeficiente de variación,Michoacán de Ocampo,2.21,2.54,3.28,3.31,17.1,5.02,1.07,2.99,1.69,1,8.32,5.11,10.88,5.8, , , ,4.51,3.6,8.17,16.84,7.15,4.88,3.95,6.92,3.92,12.19,7.15,9.05,8.12,9.42,13.43,0.94,9.68,23.9,19.62,8.24,11.93,14.17,2.63,1.55,4.64,14.68,8,15.42,25.1,5.82,Cifras Definitivas
Estimación,Morelos,31438,28431,24975,47086,998,15196,2.6,28439,5.2,518.3,8965,38315,5356,26233, , , ,16504,82336,28325,3905,4765,8428,46976,18379,30065,31745,4765, , , , , , , , , , , ,30825,6.8,5122, , , , , ,Cifras Definitivas
Límite de confianza inferior,Morelos,29105,25635,21768,43670,567,12911,2.5,24041,4.9,504.4,6512,33721,3571,21812, , , ,12246,75530,22801,1991,3425,6768,40711,13737,24185,26233,3425, , , , , , , , , , , ,28165,6.5,4399, , , , , ,Cifras Definitivas
Límite de confianza superior,Morelos,33772,31227,28181,50503,1430,17482,2.7,32837,5.5,532.1,11418,42910,7140,30654, , , ,20763,89142,33848,5820,6105,10088,53241,23021,35945,37258,6105, , , , , , , , , , , ,33484,7.1,5845, , , , , ,Cifras Definitivas
Coeficiente de variación,Morelos,3.79,5.02,6.55,3.7,22.06,7.67,1.7,7.89,2.48,1.36,13.96,6.12,17,8.6, , , ,13.16,4.22,9.95,25.01,14.35,10.05,6.8,12.89,9.98,8.86,14.35, , , , , , , , , , , ,4.4,2.36,7.2, , , , , ,Cifras Definitivas
Estimación,Nayarit,123206,94306,73517,190637,3364,63208,2.9,92319,5.8,511.3,25108,192192,5125,75608, , , ,132029,293986,48867,3720,6784,24741,313644,128162,9560,23516,6784, , , , , , , , , , , ,136000,7.5,19993, , , , , ,Cifras Definitivas
Límite de confianza inferior,Nayarit,117804,88405,68183,182269,2396,56749,2.8,82951,5.6,503.9,20053,178839,3113,65378, , , ,114949,274139,37416,1910,4908,20895,293905,111008,4847,14725,4908, , , , , , , , , , , ,129806,7.3,18274, , , , , ,Cifras Definitivas
Límite de confianza superior,Nayarit,128607,100208,78851,199005,4333,69666,2.9,101688,5.9,518.7,30163,205545,7138,85838, , , ,149110,313832,60317,5531,8660,28587,333383,145317,14272,32307,8660, , , , , , , , , , , ,142195,7.6,21712, , , , , ,Cifras Definitivas
Coeficiente de variación,Nayarit,2.24,3.19,3.7,2.24,14.69,5.21,0.68,5.18,1.52,0.74,10.27,3.54,20.03,6.9, , , ,6.6,3.44,11.96,24.82,14.11,7.93,3.21,6.83,25.15,19.07,14.11, , , , , , , , , , , ,2.32,1,4.39, , , , , ,Cifras Definitivas
Estimación,Nuevo León,442726,204635,132751,242197,4157,80393,2.6,520883,5.7,511.1,35104,343525,4892,5052, , , ,211534,576904,224357,90666,9515,28303,436111,58105,466822,51757,9515, , , , , , , , , , , ,171579,6.9,21897, , , , , ,Cifras Definitivas
Límite de confianza inferior,Nuevo León,158087,116597,71637,216011,1867,69035,2.5,126889,5.5,501.1,29981,311825,2422,2799, , , ,0,301687,170914,56314,7872,24756,403162,43605,71849,17692,7872, , , , , , , , , , , ,160434,6.8,19664, , , , , ,Cifras Definitivas
Límite de confianza superior,Nuevo León,727366,292673,193865,268383,6446,91752,2.6,914877,5.9,521.1,40227,375225,7363,7305, , , ,432606,852122,277800,125018,11157,31851,469060,72604,861795,85823,11157, , , , , , , , , , , ,182724,7.1,24130, , , , , ,Cifras Definitivas
Coeficiente de variación,Nuevo León,32.8,21.95,23.49,5.52,28.1,7.21,1.2,38.59,1.92,1,7.45,4.71,25.76,22.75, , , ,53.32,24.34,12.15,19.33,8.81,6.4,3.85,12.73,43.17,33.58,8.81, , , , , , , , , , , ,3.31,1.02,5.2, , , , , ,Cifras Definitivas
Estimación,Oaxaca,226534,157761,161165,426217,22711,164444,2.7,156190,5.9,510.7,50832,310987,26923,126072, , , ,176759,588548,124717,9510,81653,113519,505506,336256,33570,14692,81653, , , , , , , , , , , ,214296,7.3,33689, , , , , ,Cifras Definitivas
Límite de confianza inferior,Oaxaca,207432,143421,145497,390119,15391,147548,2.7,134100,5.7,499,42626,262387,18940,105936, , , ,148943,530808,96449,3160,72389,102831,463817,279689,19837,4261,72389, , , , , , , , , , , ,195683,7,28846, , , , , ,Cifras Definitivas
Límite de confianza superior,Oaxaca,245637,172100,176833,462316,30031,181339,2.8,178280,6.1,522.3,59039,359588,34906,146207, , , ,204575,646289,152985,15860,90917,124207,547195,392823,47303,25123,90917, , , , , , , , , , , ,232908,7.5,38532, , , , , ,Cifras Definitivas
Coeficiente de variación,Oaxaca,4.3,4.64,4.96,4.32,16.44,5.24,1.08,7.22,2.08,1.16,8.24,7.97,15.13,8.15, , , ,8.03,5.01,11.56,34.07,5.79,4.8,4.21,8.58,20.87,36.23,5.79, , , , , , , , , , , ,4.43,1.68,7.33, , , , , ,Cifras Definitivas
Estimación,Puebla,88080,95473,72333,123709,2823,44921,2.4,51718,5.5,507.8,10634,98365,51267,47031, , , ,103313,109239,102172,36676,64871,72836,146895,17510,130744,19574,64871, , , , , , , , , , , ,80653,4.9,17046, , , , , ,Cifras Definitivas
Límite de confianza inferior,Puebla,80959,86747,64539,113878,1578,39167,2.3,42622,5.2,488.8,8257,85918,41230,38341, , , ,89486,95014,86504,26952,59504,67309,130421,9633,113676,13036,59504, , , , , , , , , , , ,72929,4.5,14463, , , , , ,Cifras Definitivas
Límite de confianza superior,Puebla,95202,104198,80127,133541,4069,50675,2.5,60815,5.7,526.8,13010,110813,61305,55720, , , ,117139,123464,117840,46399,70239,78363,163370,25388,147813,26112,70239, , , , , , , , , , , ,88376,5.2,19630, , , , , ,Cifras Definitivas
Coeficiente de variación,Puebla,4.13,4.66,5.5,4.05,22.5,6.54,1.62,8.97,2.66,1.91,11.4,6.46,9.99,9.43, , , ,6.83,6.64,7.82,13.53,4.22,3.87,5.72,22.95,6.66,17.04,4.22, , , , , , , , , , , ,4.89,3.31,7.73, , , , , ,Cifras Definitivas
Estimación,Querétaro,48186,65867,38931,80547,1881,38187,2.5,64858,5.3,499.7,10374,37197,34812,28295, , , ,40668,78949,100297,24746,13617,17925,59013,10166,126232,24504,13617, , , , , , , , , , , ,56308,5.9,11114, , , , , ,Cifras Definitivas
Límite de confianza inferior,Querétaro,42734,55509,34227,71621,1118,30603,2.4,52461,5.1,486.7,7768,32040,25859,21836, , , ,34066,65753,83878,16659,11428,15576,51620,6222,107658,18684,11428, , , , , , , , , , , ,48988,5.4,7410, , , , , ,Cifras Definitivas
Límite de confianza superior,Querétaro,53638,76225,43635,89472,2644,45772,2.6,77256,5.6,512.8,12981,42355,43765,34754, , , ,47271,92145,116715,32832,15806,20275,66405,14109,144805,30324,15806, , , , , , , , , , , ,63628,6.3,14817, , , , , ,Cifras Definitivas
Coeficiente de variación,Querétaro,5.77,8.02,6.16,5.65,20.7,10.13,2.09,9.75,2.32,1.33,12.82,7.07,13.12,11.65, , , ,8.28,8.53,8.35,16.67,8.2,6.69,6.39,19.79,7.51,12.12,8.2, , , , , , , , , , , ,6.63,3.81,17, , , , , ,Cifras Definitivas
Estimación,Quintana Roo,19339,15783,12984,27505,174,13062,2.5,10495,5.8,526.5,4238,35959,563,7638, , , ,9883,45001,18447,2892,2281,3482,32544,32392,1005,7389,2281, , , , , , , , , , , ,23521,6.7,3693, , , , , ,Cifras Definitivas
Límite de confianza inferior,Quintana Roo,18127,14135,11456,25477,46,11756,2.4,8836,5.5,476.8,3360,33164,238,5857, , , ,7457,41085,15340,1467,1713,2781,28679,28659,155,5222,1713, , , , , , , , , , , ,21886,6.5,3205, , , , , ,Cifras Definitivas
Límite de confianza superior,Quintana Roo,20551,17432,14512,29532,301,14368,2.5,12154,6.2,576.2,5117,38755,887,9419, , , ,12308,48917,21553,4318,2848,4183,36410,36126,1855,9555,2848, , , , , , , , , , , ,25155,6.8,4180, , , , , ,Cifras Definitivas
Coeficiente de variación,Quintana Roo,3.2,5.33,6,3.76,37.5,5.1,1.58,8.07,2.85,4.81,10.57,3.97,29.43,11.9, , , ,12.52,4.44,8.59,25.15,12.7,10.27,6.06,5.88,43.16,14.96,12.7, , , , , , , , , , , ,3.55,1.26,6.74, , , , , ,Cifras Definitivas
Estimación,San Luis Potosí,165888,219839,105594,332555,5008,76382,2.7,206349,5.5,510.2,38335,290508,16969,104541, , , ,317618,318489,143595,40341,44175,85786,483079,111700,139069,45853,44175, , , , , , , , , , , ,182002,7,30578, , , , , ,Cifras Definitivas
Límite de confianza inferior,San Luis Potosí,150926,207780,93303,299761,3339,63631,2.6,188036,5.2,496.1,30753,257065,10124,87614, , , ,290976,287798,91603,21135,39015,74345,428227,84764,124380,34252,39015, , , , , , , , , , , ,160799,6.8,27154, , , , , ,Cifras Definitivas
Límite de confianza superior,San Luis Potosí,180850,231898,117886,365349,6676,89132,2.7,224661,5.7,524.2,45918,323951,23813,121467, , , ,344259,349179,195588,59548,49335,97227,537930,138637,153758,57454,49335, , , , , , , , , , , ,203205,7.1,34001, , , , , ,Cifras Definitivas
Coeficiente de variación,San Luis Potosí,4.6,2.8,5.94,5.03,17,8.52,1.27,4.53,2.04,1.4,10.09,5.87,20.58,8.26, , , ,4.28,4.92,18.47,24.29,5.96,6.8,5.79,12.3,5.39,12.91,5.96, , , , , , , , , , , ,5.94,1.41,5.71, , , , , ,Cifras Definitivas
Estimación,Sinaloa,264503,272273,674871,311187,4713,94790,2.8,857853,5.4,518.8,31465,197973,20587,278294, , , ,474999,773560,267598,187541,6677,37159,350489,255200,711164,199303,6677, , , , , , , , , , , ,220641,7.5,33433, , , , , ,Cifras Definitivas
Límite de confianza inferior,Sinaloa,229599,185140,0,291361,2321,83535,2.7,85342,5.2,509.4,25193,176668,14022,253898, , , ,304970,313626,0,0,3800,30612,317231,223926,0,164454,3800, , , , , , , , , , , ,209508,7.3,30396, , , , , ,Cifras Definitivas
Límite de confianza superior,Sinaloa,299407,359406,1432606,331014,7104,106046,2.8,1630363,5.6,528.1,37737,219278,27152,302690, , , ,645029,1233494,570854,488954,9554,43707,383747,286474,1483015,234153,9554, , , , , , , , , , , ,231775,7.7,36469, , , , , ,Cifras Definitivas
Coeficiente de variación,Sinaloa,6.73,16.33,57.29,3.25,25.89,6.06,0.87,45.95,1.79,0.92,10.17,5.49,16.27,4.47, , , ,18.26,30.34,57.82,82,21.98,8.99,4.84,6.25,55.38,8.92,21.98, , , , , , , , , , , ,2.57,1.4,4.63, , , , , ,Cifras Definitivas
Estimación,Sonora,444313,324196,268614,628951,19301,195947,2.8,417033,5.6,527.9,68740,600737,54808,246317, , , ,458158,664672,539374,94700,3869,63191,1012053,195112,380034,75006,3869,2267675,492761,180187,1358241,94.9,170030,82286,46310,115.9,2215,115832,470316,6.5,53030,141999,509110,1615308,220498,1258,Cifras Definitivas
Límite de confianza inferior,Sonora,333303,207026,168870,588496,11509,180014,2.8,246194,5.5,519.7,61255,499704,35444,220357, , , ,400987,545395,311141,51042,2453,30623,936028,151443,132686,54477,2453,1418331,354031,120715,704622,94.6,55334,5397,11628,97.8,1519,80335,435836,6.5,49077,85640,167021,828659,132425,784,Cifras Definitivas
Límite de confianza superior,Sonora,555323,441366,368358,669405,27092,211879,2.8,587872,5.8,536.2,76226,701770,74172,272278, , , ,515329,783950,767608,138358,5285,95758,1088078,238780,627383,95535,5285,3117019,631492,239659,2011860,95.2,284726,159174,80991,134,2911,151329,504795,6.6,56982,198359,851199,2401956,308572,1731,Cifras Definitivas
Coeficiente de variación,Sonora,12.75,18.44,18.95,3.28,20.6,4.15,0.59,20.9,1.56,0.8,5.56,8.58,18.03,5.38, , , ,6.37,9.16,21.59,23.52,18.67,26.3,3.83,11.42,33.21,13.96,18.67,19.11,14.36,16.84,24.55,0.16,34.42,47.67,38.21,7.98,16.03,15.64,3.74,0.72,3.8,20.25,34.28,24.85,20.38,19.21,Cifras Definitivas
Estimación,Tabasco,268617,200382,186670,408447,5853,165978,2.7,197048,5.6,498.9,74174,493958,22767,77532, , , ,222847,637178,194933,82235,9157,26806,744057,254618,12900,43383,9157, , , , , , , , , , , ,280663,7.3,60265, , , , , ,Cifras Definitivas
Límite de confianza inferior,Tabasco,250347,184603,168554,374993,2212,150238,2.7,170329,5.4,489.6,62336,456155,13127,47190, , , ,195108,588672,140010,34328,5678,21121,679341,218140,6495,25648,5678, , , , , , , , , , , ,262894,7.2,54703, , , , , ,Cifras Definitivas
Límite de confianza superior,Tabasco,286887,216162,204786,441901,9495,181718,2.8,223766,5.9,508.3,86012,531761,32407,107874, , , ,250587,685685,249856,130141,12637,32490,808774,291095,19306,61119,12637, , , , , , , , , , , ,298433,7.5,65826, , , , , ,Cifras Definitivas
Coeficiente de variación,Tabasco,3.47,4.02,4.95,4.18,31.74,4.84,0.93,6.92,1.96,0.96,8.14,3.9,21.6,19.97, , , ,6.35,3.88,14.38,29.72,19.39,10.82,4.44,7.31,25.33,20.86,19.39, , , , , , , , , , , ,3.23,1.05,4.71, , , , , ,Cifras Definitivas
Estimación,Tamaulipas,256880,182978,126082,468201,8639,72644,2.7,206147,5.7,522.9,66562,583218,8110,50681, , , ,153983,576398,297078,129779,6681,38139,733237,230630,34158,29434,6681, , , , , , , , , , , ,330329,6.6,34634, , , , , ,Cifras Definitivas
Límite de confianza inferior,Tamaulipas,231206,143049,107184,432884,3767,62669,2.6,147984,5.5,513.7,56263,528797,4432,38005, , , ,129655,504757,239982,85606,4445,32597,676199,178740,0,15721,4445, , , , , , , , , , , ,300810,6.4,31501, , , , , ,Cifras Definitivas
Límite de confianza superior,Tamaulipas,282554,222907,144979,503518,13512,82619,2.7,264310,5.9,532,76861,637640,11788,63356, , , ,178310,648039,354174,173952,8918,43681,790274,282520,71788,43147,8918, , , , , , , , , , , ,359847,6.7,37766, , , , , ,Cifras Definitivas
Coeficiente de variación,Tamaulipas,5.1,11.13,7.65,3.85,28.77,7.01,1.25,14.4,1.82,0.89,7.89,4.76,23.14,12.76, , , ,8.06,6.34,9.81,17.37,17.08,7.41,3.97,11.48,56.21,23.77,17.08, , , , , , , , , , , ,4.56,1.02,4.61, , , , , ,Cifras Definitivas
Estimación,Tlaxcala,16928,19545,13953,26319,690,8672,2.2,9201,4.9,531.3,1896,2117,7982,26957, , , ,23191,21900,14321,9515,17331,19229,4133,856,38302,16121,17331, , , , , , , , , , , ,15610,3.9,2936, , , , , ,Cifras Definitivas
Límite de confianza inferior,Tlaxcala,15494,17698,12430,23976,372,7405,2.1,7459,4.6,512.5,1276,1388,6247,23846, , , ,20104,18717,11332,7003,15862,17763,2672,177,34411,13560,15862, , , , , , , , , , , ,14064,3.5,2397, , , , , ,Cifras Definitivas
Límite de confianza superior,Tlaxcala,18361,21392,15476,28662,1009,9939,2.2,10943,5.1,550.1,2517,2846,9716,30068, , , ,26278,25084,17311,12026,18801,20694,5594,1535,42194,18682,18801, , , , , , , , , , , ,17156,4.4,3474, , , , , ,Cifras Definitivas
Coeficiente de variación,Tlaxcala,4.32,4.82,5.57,4.54,23.53,7.45,1.46,9.66,2.55,1.8,16.7,17.57,11.09,5.89, , , ,6.79,7.42,10.65,13.47,4.33,3.89,18.04,40.47,5.18,8.11,4.33, , , , , , , , , , , ,5.05,6.18,9.36, , , , , ,Cifras Definitivas
Estimación,Veracruz de Ignacio de la Llave,717383,520048,727434,1391037,16193,360334,2.7,1028229,5.9,500.5,122222,480139,119417,1086666,1206083,260653,1423166,796531,2079256,428456,174836,51659,142702,2208708,369168,396722,329645,51659, , , , , , , , , , , ,729771,7.3,133755, , , , , ,Cifras Definitivas
Límite de confianza inferior,Veracruz de Ignacio de la Llave,677006,471005,447309,719616,7751,319696,2.6,303594,5.7,492.6,102878,411236,91695,992322,1111716,249214,1330218,705229,1355001,310475,100811,41404,125659,2072592,282779,0,51438,41404, , , , , , , , , , , ,685396,7.1,123196, , , , , ,Cifras Definitivas
Límite de confianza superior,Veracruz de Ignacio de la Llave,757759,569092,1007559,2062458,24634,400972,2.7,1752863,6.1,508.4,141567,549042,147139,1181010,1300449,272093,1516114,887833,2803512,546437,248860,61914,159746,2344824,455557,1068398,607852,61914, , , , , , , , , , , ,774147,7.6,144314, , , , , ,Cifras Definitivas
Coeficiente de variación,Veracruz de Ignacio de la Llave,2.87,4.81,19.65,24.63,26.6,5.75,1.02,35.96,1.82,0.8,8.08,7.32,11.84,4.43,3.99,2.24,3.33,5.85,17.77,14.05,21.6,10.13,6.09,3.14,11.94,86.38,43.06,10.13, , , , , , , , , , , ,3.1,1.65,4.03, , , , , ,Cifras Definitivas
Estimación,Yucatán,111270,105784,63579,198718,1746,56688,2.5,122585,5.7,509.2,19819,247462,1029,2528, , , ,44373,295873,128706,23103,10399,27494,131716,290799,5753,40684,10399,1053963,287344,37190,655542,94.3,32724,581,3128,161,3579,71066,148728,6.4,13130,25682,40407,961627,62555,26247,Cifras Definitivas
Límite de confianza inferior,Yucatán,101246,88100,53983,183100,318,49289,2.5,104924,5.5,499.8,15948,225558,119,709, , , ,31785,270558,101676,16435,8654,23979,107140,263012,3046,28717,8654,963153,269707,30345,576768,92.9,30779,258,1434,118.8,2933,63897,135261,6.2,11879,18487,31627,869342,9394,24114,Cifras Definitivas
Límite de confianza superior,Yucatán,121293,123467,73175,214337,3173,64086,2.6,140246,6,518.5,23690,269366,1939,4347, , , ,56961,321188,155736,29772,12144,31009,156292,318586,8460,52651,12144,1144773,304980,44034,734315,95.8,34668,904,4822,203.1,4225,78235,162195,6.5,14381,32877,49186,1053912,115717,28380,Cifras Definitivas
Coeficiente de variación,Yucatán,4.6,8.53,7.7,4.01,41.71,6.66,1.46,7.35,1.92,0.94,9.96,4.52,45.1,36.71, , , ,14.47,4.37,10.72,14.73,8.56,6.52,9.52,4.88,24.01,15.01,8.56,4.4,3.13,9.39,6.13,0.77,3.03,28.33,27.63,13.35,9.21,5.15,4.62,1.34,4.86,14.29,11.09,4.9,43.36,4.15,Cifras Definitivas
Estimación,Zacatecas,245562,171416,154293,378806,2352,143355,2.5,164274,5.3,511.5,49498,347832,55603,129719, , , ,186168,455305,274482,79662,34121,57442,553671,85628,161250,115406,34121, , , , , , , , , , , ,274730,6.9,37811, , , , , ,Cifras Definitivas
Límite de confianza inferior,Zacatecas,229341,152037,141541,355387,1492,124929,2.5,133336,5.1,504.5,40620,322912,38463,106461, , , ,163154,420776,216554,53601,29809,51390,517955,46497,117009,95469,29809, , , , , , , , , , , ,254515,6.7,33289, , , , , ,Cifras Definitivas
Límite de confianza superior,Zacatecas,261782,190794,167044,402225,3212,161781,2.6,195213,5.4,518.5,58376,372753,72743,152977, , , ,209182,489834,332410,105724,38432,63494,589388,124759,205491,135343,38432, , , , , , , , , , , ,294944,7,42334, , , , , ,Cifras Definitivas
Coeficiente de variación,Zacatecas,3.37,5.77,4.22,3.15,18.65,6.56,1,9.61,1.51,0.7,9.15,3.66,15.73,9.15, , , ,6.31,3.87,10.77,16.69,6.45,5.38,3.29,23.32,14,8.81,6.45, , , , , , , , , , , ,3.75,1.2,6.1, , , , , ,Cifras Definitivas
